how to start a shopify store using ai beginners guide for 2026 - Must Know Guide,

Discover the best tips about how to start a shopify store using ai beginners guide for 2026.

Learn how to use AI tools, automation and smart strategies to grow faster.

,how-to-start-a-shopify-store-using-ai-beginners-guide-for-2026.html
how to start a shopify store using ai beginners guide for 2026 - Best Tools Explained,

Discover the best tips about how to start a shopify store using ai beginners guide for 2026.

Learn how to use AI tools, automation and smart strategies to grow faster.

,how-to-start-a-shopify-store-using-ai-beginners-guide-for-2026.html
Top Tips About how to start a shopify store using ai beginners guide for 2026,

Discover the best tips about how to start a shopify store using ai beginners guide for 2026.

Learn how to use AI tools, automation and smart strategies to grow faster.

,how-to-start-a-shopify-store-using-ai-beginners-guide-for-2026.html
how to start a shopify store using ai beginners guide for 2026 For Beginners,

Discover the best tips about how to start a shopify store using ai beginners guide for 2026.

Learn how to use AI tools, automation and smart strategies to grow faster.

,how-to-start-a-shopify-store-using-ai-beginners-guide-for-2026.html
How how to start a shopify store using ai beginners guide for 2026 Can Grow Your Business,

Discover the best tips about how to start a shopify store using ai beginners guide for 2026.

Learn how to use AI tools, automation and smart strategies to grow faster.

,how-to-start-a-shopify-store-using-ai-beginners-guide-for-2026.html
